{"cameraMode":{"drawMode":0,"name":"Shaded","section":"Shading Mode"},"sceneLighting":true,"audioPlay":false,"sceneViewState":{"m_AlwaysRefresh":false,"showFog":true,"showSkybox":true,"showFlares":true,"showImageEffects":true,"showParticleSystems":true,"showVisualEffectGraphs":true,"m_FxEnabled":true},"in2DMode":false,"pivot":{"x":13.363971710205079,"y":0.8048551678657532,"z":11.64880084991455},"rotation":{"x":-0.0935855507850647,"y":0.8575524091720581,"z":-0.16834120452404023,"w":-0.47704216837882998},"size":3.7594170570373537,"orthographic":false}